insert into Cliente (DNI, nombre, apellido, direccion, telefono) values ('94-788-747', 'Norton', 'Slewcock', '247 Del Mar Parkway', '450-750-0156');
insert into Cliente (DNI, nombre, apellido, direccion, telefono) values ('75-565-033', 'Nicoline', 'Kittley', '1418 Marcy Alley', '294-700-6248');
insert into Cliente (DNI, nombre, apellido, direccion, telefono) values ('33-109-009', 'Jerrold', 'Scatchar', '08594 High Crossing Point', '887-458-2452');
insert into Cliente (DNI, nombre, apellido, direccion, telefono) values ('22-658-777', 'Jeffrey', 'McSpirron', '9 Bobwhite Trail', '897-908-3940');
insert into Cliente (DNI, nombre, apellido, direccion, telefono) values ('58-859-599', 'Carmine', 'Avent', '0 Steensland Lane', '219-317-6898');
insert into Cliente (DNI, nombre, apellido, direccion, telefono) values ('69-031-063', 'Ermin', 'Fernant', '9 Warrior Way', '365-661-0720');
insert into Cliente (DNI, nombre, apellido, direccion, telefono) values ('73-867-990', 'Nettle', 'Aveling', '64156 Bashford Court', '830-994-5938');
insert into Cliente (DNI, nombre, apellido, direccion, telefono) values ('37-498-771', 'Zia', 'Minghetti', '7668 Independence Parkway', '348-302-5805');
insert into Cliente (DNI, nombre, apellido, direccion, telefono) values ('95-632-438', 'Violante', 'Streeting', '9536 Roxbury Court', '195-441-4293');
insert into Cliente (DNI, nombre, apellido, direccion, telefono) values ('15-080-110', 'Chico', 'Buttriss', '06 Hoffman Parkway', '991-996-0043');
insert into Cliente (DNI, nombre, apellido, direccion, telefono) values ('86-482-773', 'Mario', 'Knappitt', '0 Service Parkway', '471-408-5142');
insert into Cliente (DNI, nombre, apellido, direccion, telefono) values ('55-145-859', 'Filmer', 'Glasson', '4890 Elka Park', '578-667-6108');
insert into Cliente (DNI, nombre, apellido, direccion, telefono) values ('58-009-827', 'Cher', 'Boucher', '1 Moose Center', '102-548-4026');
insert into Cliente (DNI, nombre, apellido, direccion, telefono) values ('61-032-341', 'Michaela', 'Attwell', '366 Walton Hill', '498-616-6291');
insert into Cliente (DNI, nombre, apellido, direccion, telefono) values ('98-188-769', 'Temple', 'Martschik', '438 Talmadge Circle', '708-844-3886');
insert into Cliente (DNI, nombre, apellido, direccion, telefono) values ('69-254-389', 'Renell', 'Jinkinson', '0 Bonner Terrace', '241-567-4187');
insert into Cliente (DNI, nombre, apellido, direccion, telefono) values ('49-764-550', 'Opalina', 'Corness', '4 Fieldstone Court', '556-994-0091');
insert into Cliente (DNI, nombre, apellido, direccion, telefono) values ('29-630-978', 'Ivory', 'Palatino', '49602 Steensland Hill', '722-431-0567');
insert into Cliente (DNI, nombre, apellido, direccion, telefono) values ('21-538-951', 'Dore', 'Verralls', '04 Eagle Crest Place', '678-646-2842');
insert into Cliente (DNI, nombre, apellido, direccion, telefono) values ('67-717-561', 'Madeleine', 'Linford', '83 Homewood Trail', '528-686-1361');

insert into Vehiculo (matricula, marca, modelo, color, kilometraje, tipo_de_combustible) values ('ABG635', 'Buick', 'Coachbuilder', 'Indigo', 140579, 'Nafta');
insert into Vehiculo (matricula, marca, modelo, color, kilometraje, tipo_de_combustible) values ('JBC235', 'Audi', '90', 'Puce', 122638, 'Gasoil');
insert into Vehiculo (matricula, marca, modelo, color, kilometraje, tipo_de_combustible) values ('IOC685', 'Suzuki', 'Daewoo Lacetti', 'Indigo', 134880, 'GNC');
insert into Vehiculo (matricula, marca, modelo, color, kilometraje, tipo_de_combustible) values ('ATC785', 'Suzuki', 'Samurai', 'Crimson', 190530, 'Electrico');
insert into Vehiculo (matricula, marca, modelo, color, kilometraje, tipo_de_combustible) values ('AOC355', 'Bentley', 'Continental Super', 'Teal', 15136, 'Hibrido');
insert into Vehiculo (matricula, marca, modelo, color, kilometraje, tipo_de_combustible) values ('QWC231', 'Dodge', 'Ram 2500', 'Crimson', 34194, 'Nafta');
insert into Vehiculo (matricula, marca, modelo, color, kilometraje, tipo_de_combustible) values ('AKC235', 'Chevrolet', 'Tracker', 'Pink', 111242, 'Nafta');
insert into Vehiculo (matricula, marca, modelo, color, kilometraje, tipo_de_combustible) values ('ALC235', 'Toyota', 'MR2', 'Maroon', 121365, 'Hibrido');
insert into Vehiculo (matricula, marca, modelo, color, kilometraje, tipo_de_combustible) values ('IOC765', 'Toyota', 'Yaris', 'Blue', 121121, 'Gasoil');
insert into Vehiculo (matricula, marca, modelo, color, kilometraje, tipo_de_combustible) values ('AAS365', 'BMW', '3 Series', 'Pink', 102110, 'Nafta');
insert into Vehiculo (matricula, marca, modelo, color, kilometraje, tipo_de_combustible) values ('ABC035', 'Eagle', 'Talon', 'Orange', 148822, 'Electrico');
insert into Vehiculo (matricula, marca, modelo, color, kilometraje, tipo_de_combustible) values ('ABY005', 'Lexus', 'IS', 'Blue', 133248, 'Electrico');
insert into Vehiculo (matricula, marca, modelo, color, kilometraje, tipo_de_combustible) values ('ZZS265', 'Dodge', 'Avenger', 'Fuscia', 65452, 'Nafta');
insert into Vehiculo (matricula, marca, modelo, color, kilometraje, tipo_de_combustible) values ('ABP675', 'Pontiac', 'Solstice', 'Green', 36859, 'Gasoil');
insert into Vehiculo (matricula, marca, modelo, color, kilometraje, tipo_de_combustible) values ('AJK035', 'Isuzu', 'Trooper', 'Mauv', 36462, 'Nafta');
insert into Vehiculo (matricula, marca, modelo, color, kilometraje, tipo_de_combustible) values ('ABC231', 'Ford', 'F250', 'Khaki', 70025, 'GNC');
insert into Vehiculo (matricula, marca, modelo, color, kilometraje, tipo_de_combustible) values ('FDS201', 'Chevrolet', 'Corvette', 'Fuscia', 136559, 'GNC');
insert into Vehiculo (matricula, marca, modelo, color, kilometraje, tipo_de_combustible) values ('AVB295', 'Cadillac', 'DeVille', 'Goldenrod', 27657, 'Nafta');
insert into Vehiculo (matricula, marca, modelo, color, kilometraje, tipo_de_combustible) values ('ANM235', 'Chevrolet', 'Cavalier', 'Orange', 190746, 'Gasoil');
insert into Vehiculo (matricula, marca, modelo, color, kilometraje, tipo_de_combustible) values ('CAC605', 'Infiniti', 'G', 'Fuscia', 63651, 'Hibrido');
insert into Vehiculo (matricula, marca, modelo, color, kilometraje, tipo_de_combustible) values ('GPC145', 'Toyota', 'Etios', 'Crimson', 0, 'Nafta');
insert into Vehiculo (matricula, marca, modelo, color, kilometraje, tipo_de_combustible) values ('EAY340', 'Renault', 'Megane', 'Crimson', 100000, 'Nafta');

insert into Especialidad (tipo_especialidad) values ('Motor'), ('Electricidad'), ('Chapa'), ('Pintura'), ('Frenos');

insert into Mecanico (DNI, nombre, apellido, telefono, tipo_especialidad) values ('20-104-758', 'Bret', 'Anten', '765-426-7600', 'Frenos');
insert into Mecanico (DNI, nombre, apellido, telefono, tipo_especialidad) values ('28-108-666', 'Tiertza', 'McGaugie', '797-590-4948', 'Pintura');
insert into Mecanico (DNI, nombre, apellido, telefono, tipo_especialidad) values ('06-112-248', 'Riley', 'Lyal', '518-478-1432', 'Frenos');
insert into Mecanico (DNI, nombre, apellido, telefono, tipo_especialidad) values ('50-325-514', 'Jordan', 'Clitsome', '609-392-4566', 'Electricidad');
insert into Mecanico (DNI, nombre, apellido, telefono, tipo_especialidad) values ('88-657-183', 'Priscilla', 'Fancy', '644-337-6732', 'Chapa');
insert into Mecanico (DNI, nombre, apellido, telefono, tipo_especialidad) values ('31-573-399', 'Juanita', 'Kuzemka', '845-492-0661', 'Frenos');
insert into Mecanico (DNI, nombre, apellido, telefono, tipo_especialidad) values ('99-649-014', 'Levey', 'While', '422-713-8294', 'Electricidad');
insert into Mecanico (DNI, nombre, apellido, telefono, tipo_especialidad) values ('03-614-130', 'Wilona', 'Absolem', '453-865-1319', 'Frenos');
insert into Mecanico (DNI, nombre, apellido, telefono, tipo_especialidad) values ('89-026-262', 'Gretta', 'McCarney', '324-711-0334', 'Electricidad');
insert into Mecanico (DNI, nombre, apellido, telefono, tipo_especialidad) values ('70-392-622', 'Malinde', 'Shrigley', '433-116-9547', 'Pintura');

insert into Servicio (id_servicio, dni_mecanico_encargado) values (1, '20-104-758');
insert into Servicio (id_servicio, dni_mecanico_encargado) values (2, '20-104-758');
insert into Servicio (id_servicio, dni_mecanico_encargado) values (3, '06-112-248');
insert into Servicio (id_servicio, dni_mecanico_encargado) values (4, '50-325-514');
insert into Servicio (id_servicio, dni_mecanico_encargado) values (5, '03-614-130');
insert into Servicio (id_servicio, dni_mecanico_encargado) values (6, '70-392-622');
insert into Servicio (id_servicio, dni_mecanico_encargado) values (7, '99-649-014');
insert into Servicio (id_servicio, dni_mecanico_encargado) values (8, '70-392-622');
insert into Servicio (id_servicio, dni_mecanico_encargado) values (9, '99-649-014');
insert into Servicio (id_servicio, dni_mecanico_encargado) values (10, '50-325-514');
insert into Servicio (id_servicio, dni_mecanico_encargado) values (12, '99-649-014');
insert into Servicio (id_servicio, dni_mecanico_encargado) values (13, '70-392-622');
insert into Servicio (id_servicio, dni_mecanico_encargado) values (14, '70-392-622');
insert into Servicio (id_servicio, dni_mecanico_encargado) values (15, '99-649-014');
insert into Servicio (id_servicio, dni_mecanico_encargado) values (16, '99-649-014');
insert into Servicio (id_servicio, dni_mecanico_encargado) values (17, '99-649-014');
insert into Servicio (id_servicio, dni_mecanico_encargado) values (18, '99-649-014');

insert into Reparacion (id_reparacion, diagnostico, fecha_entrega, id_servicio) values (1, 'Cum sociis natoque penatibus et magnis dis parturient montes, nascetur ridiculus mus. Vivamus vestibulum sagittis sapien. Cum sociis natoque penatibus et magnis dis parturient montes, nascetur ridiculus mus.', '21/05/2024', 2);
insert into Reparacion (id_reparacion, diagnostico, fecha_entrega, id_servicio) values (2, 'Maecenas ut massa quis augue luctus tincidunt. Nulla mollis molestie lorem. Quisque ut erat.', '21/12/2023', 4);
insert into Reparacion (id_reparacion, diagnostico, fecha_entrega, id_servicio) values (3, 'Proin interdum mauris non ligula pellentesque ultrices. Phasellus id sapien in sapien iaculis congue. Vivamus metus arcu, adipiscing molestie, hendrerit at, vulputate vitae, nisl.', '30/09/2023', 6);
insert into Reparacion (id_reparacion, diagnostico, fecha_entrega, id_servicio) values (4, 'Maecenas tristique, est et tempus semper, est quam pharetra magna, ac consequat metus sapien ut nunc. Vestibulum ante ipsum primis in faucibus orci luctus et ultrices posuere cubilia Curae; Mauris viverra diam vitae quam. Suspendisse potenti.', '23/02/2024', 8);
insert into Reparacion (id_reparacion, diagnostico, fecha_entrega, id_servicio) values (5, 'Aenean fermentum. Donec ut mauris eget massa tempor convallis. Nulla neque libero, convallis eget, eleifend luctus, ultricies eu, nibh.', '11/05/2024', 10);
insert into Reparacion (id_reparacion, diagnostico, fecha_entrega, id_servicio) values (6, 'Vivamus vel nulla eget eros elementum pellentesque. Quisque porta volutpat erat. Quisque erat eros, viverra eget, congue eget, semper rutrum, nulla. Nunc purus. Phasellus in felis. Donec semper sapien a libero. Nam dui.', '16/05/2025', 12);
insert into Reparacion (id_reparacion, diagnostico, fecha_entrega, id_servicio) values (7, 'Vivamus vel nulla eget eros elementum pellentesque. Quisque porta volutpat erat. Quisque erat eros, viverra eget, congue eget, semper rutrum, nulla. Nunc purus. Phasellus in felis. Donec semper sapien a libero. Nam dui.', '28/05/2024', 13);
insert into Reparacion (id_reparacion, diagnostico, fecha_entrega, id_servicio) values (8, 'Vivamus vel nulla eget eros elementum pellentesque. Quisque porta volutpat erat. Quisque erat eros, viverra eget, congue eget, semper rutrum, nulla. Nunc purus. Phasellus in felis. Donec semper sapien a libero. Nam dui.', '14/12/2025', 14);

insert into Service (id_service, kilometros, tipo_de_combustible) values (1, 36077, 'Electrico');
insert into Service (id_service, kilometros, tipo_de_combustible) values (2, 83052, 'Gasoil');
insert into Service (id_service, kilometros, tipo_de_combustible) values (3, 42250, 'Gasoil');
insert into Service (id_service, kilometros, tipo_de_combustible) values (4, 15546, 'Hibrido');
insert into Service (id_service, kilometros, tipo_de_combustible) values (5, 151256, 'GNC');
insert into Service (id_service, kilometros, tipo_de_combustible) values (6, 191044, 'Nafta');
insert into Service (id_service, kilometros, tipo_de_combustible) values (7, 149736, 'Gasoil');
insert into Service (id_service, kilometros, tipo_de_combustible) values (8, 40096, 'Gasoil');
insert into Service (id_service, kilometros, tipo_de_combustible) values (9, 42078, 'Electrico');
insert into Service (id_service, kilometros, tipo_de_combustible) values (10, 137417, 'Hibrido');

insert into Servicio_Programado (id_servicio_programado, descripcion, tiempo_estimado, costo, id_servicio, id_service) values (1, 'Duis bibendum. Morbi non quam nec dui luctus rutrum. Nulla tellus.', 2590, 5595849.89, 1, 4);
insert into Servicio_Programado (id_servicio_programado, descripcion, tiempo_estimado, costo, id_servicio, id_service) values (2, 'Nullam sit amet turpis elementum ligula vehicula consequat. Morbi a ipsum. Integer a nibh.', 3617, 3575826.36, 3, 8);
insert into Servicio_Programado (id_servicio_programado, descripcion, tiempo_estimado, costo, id_servicio, id_service) values (3, 'Curabitur in libero ut massa volutpat convallis. Morbi odio odio, elementum eu, interdum eu, tincidunt in, leo. Maecenas pulvinar lobortis est.', 2776, 8937865.56, 5, 6);
insert into Servicio_Programado (id_servicio_programado, descripcion, tiempo_estimado, costo, id_servicio, id_service) values (4, 'Curabitur in libero ut massa volutpat convallis. Morbi odio odio, elementum eu, interdum eu, tincidunt in, leo. Maecenas pulvinar lobortis est.', 1171, 1797435.42, 7, 1);
insert into Servicio_Programado (id_servicio_programado, descripcion, tiempo_estimado, costo, id_servicio, id_service) values (5, 'Curabitur in libero ut massa volutpat convallis. Morbi odio odio, elementum eu, interdum eu, tincidunt in, leo. Maecenas pulvinar lobortis est.', 5944, 7204915.63, 9, 10);
insert into Servicio_Programado (id_servicio_programado, descripcion, tiempo_estimado, costo, id_servicio, id_service) values (6, 'Curabitur in libero ut massa volutpat convallis. Morbi odio odio, elementum eu, interdum eu, tincidunt in, leo. Maecenas pulvinar lobortis est.', 5944, 7204915.63, 15, 10);
insert into Servicio_Programado (id_servicio_programado, descripcion, tiempo_estimado, costo, id_servicio, id_service) values (7, 'Curabitur in libero ut massa volutpat convallis. Morbi odio odio, elementum eu, interdum eu, tincidunt in, leo. Maecenas pulvinar lobortis est.', 5944, 7204915.63, 16, 10);
insert into Servicio_Programado (id_servicio_programado, descripcion, tiempo_estimado, costo, id_servicio, id_service) values (8, 'Curabitur in libero ut massa volutpat convallis. Morbi odio odio, elementum eu, interdum eu, tincidunt in, leo. Maecenas pulvinar lobortis est.', 5944, 7204915.63, 17, 10);
insert into Servicio_Programado (id_servicio_programado, descripcion, tiempo_estimado, costo, id_servicio, id_service) values (9, 'Curabitur in libero ut massa volutpat convallis. Morbi odio odio, elementum eu, interdum eu, tincidunt in, leo. Maecenas pulvinar lobortis est.', 5944, 7204915.63, 18, 10);

insert into Tarea (id_tarea, tiempo_estimado, costo) values (1, 24192, 687875.96);
insert into Tarea (id_tarea, tiempo_estimado, costo) values (2, 3100, 449892.05);
insert into Tarea (id_tarea, tiempo_estimado, costo) values (3, 28085, 839162.1);
insert into Tarea (id_tarea, tiempo_estimado, costo) values (4, 12785, 880331.93);
insert into Tarea (id_tarea, tiempo_estimado, costo) values (5, 3717, 56012.34);
insert into Tarea (id_tarea, tiempo_estimado, costo) values (6, 631, 529408.59);
insert into Tarea (id_tarea, tiempo_estimado, costo) values (7, 9140, 558440.28);
insert into Tarea (id_tarea, tiempo_estimado, costo) values (8, 21340, 136933.26);
insert into Tarea (id_tarea, tiempo_estimado, costo) values (9, 28025, 501032.68);
insert into Tarea (id_tarea, tiempo_estimado, costo) values (10, 4893, 804104.33);
insert into Tarea (id_tarea, tiempo_estimado, costo) values (11, 4893, 804104.33);
insert into Tarea (id_tarea, tiempo_estimado, costo) values (12, 4893, 804104.33);

insert into Plan_De_Accion (id_plan_de_accion, tipo_plan_de_accion) values (1, 'Reparación');
insert into Plan_De_Accion (id_plan_de_accion, tipo_plan_de_accion) values (2, 'Servicio Programado');
insert into Plan_De_Accion (id_plan_de_accion, tipo_plan_de_accion) values (3, 'Reparación');
insert into Plan_De_Accion (id_plan_de_accion, tipo_plan_de_accion) values (4, 'Servicio Programado');
insert into Plan_De_Accion (id_plan_de_accion, tipo_plan_de_accion) values (5, 'Reparación');
insert into Plan_De_Accion (id_plan_de_accion, tipo_plan_de_accion) values (6, 'Reparación');
insert into Plan_De_Accion (id_plan_de_accion, tipo_plan_de_accion) values (7, 'Reparación');
insert into Plan_De_Accion (id_plan_de_accion, tipo_plan_de_accion) values (8, 'Reparación');
insert into Plan_De_Accion (id_plan_de_accion, tipo_plan_de_accion) values (9, 'Servicio Programado');
insert into Plan_De_Accion (id_plan_de_accion, tipo_plan_de_accion) values (10, 'Reparación');
insert into Plan_De_Accion (id_plan_de_accion, tipo_plan_de_accion) values (11, 'Reparación');
insert into Plan_De_Accion (id_plan_de_accion, tipo_plan_de_accion) values (12, 'Reparación');

insert into Detalle_Plan_De_Accion (orden, tiempo_estimado, tiempo_final, retardo, id_plan_de_accion, id_tarea, dni_mecanico_especializado) values (1, 5769, 3474, 5881, 2, 2, '20-104-758');
insert into Detalle_Plan_De_Accion (orden, tiempo_estimado, tiempo_final, retardo, id_plan_de_accion, id_tarea, dni_mecanico_especializado) values (1, 3701, 3974, 5271, 10, 1, '20-104-758');
insert into Detalle_Plan_De_Accion (orden, tiempo_estimado, tiempo_final, retardo, id_plan_de_accion, id_tarea, dni_mecanico_especializado) values (1, 3966, 1293, 1018, 8, 3, '06-112-248');
insert into Detalle_Plan_De_Accion (orden, tiempo_estimado, tiempo_final, retardo, id_plan_de_accion, id_tarea, dni_mecanico_especializado) values (2, 5880, 1336, 62, 8, 4, '06-112-248');
insert into Detalle_Plan_De_Accion (orden, tiempo_estimado, tiempo_final, retardo, id_plan_de_accion, id_tarea, dni_mecanico_especializado) values (1, 212, 5825, 4482, 5, 5, '03-614-130');
insert into Detalle_Plan_De_Accion (orden, tiempo_estimado, tiempo_final, retardo, id_plan_de_accion, id_tarea, dni_mecanico_especializado) values (1, 5183, 4631, 929, 4, 6, '70-392-622');
insert into Detalle_Plan_De_Accion (orden, tiempo_estimado, tiempo_final, retardo, id_plan_de_accion, id_tarea, dni_mecanico_especializado) values (2, 1236, 691, 4906, 10, 7, '70-392-622');
insert into Detalle_Plan_De_Accion (orden, tiempo_estimado, tiempo_final, retardo, id_plan_de_accion, id_tarea, dni_mecanico_especializado) values (1, 3362, 951, 4860, 9, 8, '99-649-014');
insert into Detalle_Plan_De_Accion (orden, tiempo_estimado, tiempo_final, retardo, id_plan_de_accion, id_tarea, dni_mecanico_especializado) values (1, 5373, 867, 5582, 3, 9, '99-649-014');
insert into Detalle_Plan_De_Accion (orden, tiempo_estimado, tiempo_final, retardo, id_plan_de_accion, id_tarea, dni_mecanico_especializado) values (1, 2859, 407, 5032, 7, 10, '50-325-514');
insert into Detalle_Plan_De_Accion (orden, tiempo_estimado, tiempo_final, retardo, id_plan_de_accion, id_tarea, dni_mecanico_especializado) values (2, 4367, 5440, 2015, 2, 1, '50-325-514');
insert into Detalle_Plan_De_Accion (orden, tiempo_estimado, tiempo_final, retardo, id_plan_de_accion, id_tarea, dni_mecanico_especializado) values (1, 877, 900, 100, 1, 1, '20-104-758');
insert into Detalle_Plan_De_Accion (orden, tiempo_estimado, tiempo_final, retardo, id_plan_de_accion, id_tarea, dni_mecanico_especializado) values (1, 877, 900, 100, 6, 1, '20-104-758');
insert into Detalle_Plan_De_Accion (orden, tiempo_estimado, tiempo_final, retardo, id_plan_de_accion, id_tarea, dni_mecanico_especializado) values (1, 5769, 3474, 5881, 11, 2, '20-104-758');
insert into Detalle_Plan_De_Accion (orden, tiempo_estimado, tiempo_final, retardo, id_plan_de_accion, id_tarea, dni_mecanico_especializado) values (2, 212, 5825, 4482, 11, 11, '03-614-130');
insert into Detalle_Plan_De_Accion (orden, tiempo_estimado, tiempo_final, retardo, id_plan_de_accion, id_tarea, dni_mecanico_especializado) values (1, 5769, 3474, 5881, 12, 1, '20-104-758');
insert into Detalle_Plan_De_Accion (orden, tiempo_estimado, tiempo_final, retardo, id_plan_de_accion, id_tarea, dni_mecanico_especializado) values (2, 212, 5825, 4482, 12, 9, '03-614-130');
insert into Detalle_Plan_De_Accion (orden, tiempo_estimado, tiempo_final, retardo, id_plan_de_accion, id_tarea, dni_mecanico_especializado) values (3, 5769, 3474, 5881, 12, 12, '20-104-758');
insert into Detalle_Plan_De_Accion (orden, tiempo_estimado, tiempo_final, retardo, id_plan_de_accion, id_tarea, dni_mecanico_especializado) values (4, 212, 5825, 4482, 12, 2, '03-614-130');

insert into Detalle_Service (orden, tiempo_estimado, tiempo_final, retardo,  id_servicio_programado, id_service, id_tarea, dni_mecanico_especializado) values (1, 3104, 4215, 5526, 2, 3, 1, '20-104-758');
insert into Detalle_Service (orden, tiempo_estimado, tiempo_final, retardo,  id_servicio_programado, id_service, id_tarea, dni_mecanico_especializado) values (2, 3125, 5327, 1497, 3, 5, 2, '20-104-758');
insert into Detalle_Service (orden, tiempo_estimado, tiempo_final, retardo,  id_servicio_programado, id_service, id_tarea, dni_mecanico_especializado) values (1, 1697, 4801, 1362, 1, 1, 3, '06-112-248');
insert into Detalle_Service (orden, tiempo_estimado, tiempo_final, retardo,  id_servicio_programado, id_service, id_tarea, dni_mecanico_especializado) values (1, 3816, 4142, 5317, 5, 3, 4, '06-112-248');
insert into Detalle_Service (orden, tiempo_estimado, tiempo_final, retardo,  id_servicio_programado, id_service, id_tarea, dni_mecanico_especializado) values (1, 1465, 4459, 594, 3, 5, 5, '03-614-130');
insert into Detalle_Service (orden, tiempo_estimado, tiempo_final, retardo,  id_servicio_programado, id_service, id_tarea, dni_mecanico_especializado) values (1, 3139, 3882, 5490, 4, 10, 6, '70-392-622');
insert into Detalle_Service (orden, tiempo_estimado, tiempo_final, retardo,  id_servicio_programado, id_service, id_tarea, dni_mecanico_especializado) values (2, 2897, 3188, 1831, 5, 3, 7, '70-392-622');
insert into Detalle_Service (orden, tiempo_estimado, tiempo_final, retardo,  id_servicio_programado, id_service, id_tarea, dni_mecanico_especializado) values (2, 1633, 4866, 5809, 2, 3, 8, '99-649-014');
insert into Detalle_Service (orden, tiempo_estimado, tiempo_final, retardo,  id_servicio_programado, id_service, id_tarea, dni_mecanico_especializado) values (3, 3419, 4319, 5627, 1, 1, 9, '99-649-014');
insert into Detalle_Service (orden, tiempo_estimado, tiempo_final, retardo,  id_servicio_programado, id_service, id_tarea, dni_mecanico_especializado) values (2, 737, 2397, 5541, 1, 1, 10, '50-325-514');
insert into Detalle_Service (orden, tiempo_estimado, tiempo_final, retardo,  id_servicio_programado, id_service, id_tarea, dni_mecanico_especializado) values (1, 737, 2397, 5541, 9, 18, 11, '50-325-514');
insert into Detalle_Service (orden, tiempo_estimado, tiempo_final, retardo,  id_servicio_programado, id_service, id_tarea, dni_mecanico_especializado) values (1, 737, 2397, 5541, 6, 10, 11, '50-325-514')
insert into Detalle_Service (orden, tiempo_estimado, tiempo_final, retardo,  id_servicio_programado, id_service, id_tarea, dni_mecanico_especializado) values (2, 737, 2397, 5541, 7, 10, 11, '50-325-514')
insert into Detalle_Service (orden, tiempo_estimado, tiempo_final, retardo,  id_servicio_programado, id_service, id_tarea, dni_mecanico_especializado) values (3, 737, 2397, 5541, 8, 10, 11, '50-325-514')
insert into Detalle_Service (orden, tiempo_estimado, tiempo_final, retardo,  id_servicio_programado, id_service, id_tarea, dni_mecanico_especializado) values (1, 737, 2397, 5541, 8, 10, 11, '31-573-399')

insert into Repuesto (id_repuesto, descripcion, marca, precio) values (1, 'Pellentesque at nulla. Suspendisse potenti. Cras in purus eu magna vulputate luctus.', 'Honda', 545295.19);
insert into Repuesto (id_repuesto, descripcion, marca, precio) values (2, 'In congue. Etiam justo. Etiam pretium iaculis justo.', 'Chevrolet', 839170.3);
insert into Repuesto (id_repuesto, descripcion, marca, precio) values (3, 'Duis bibendum, felis sed interdum venenatis, turpis enim blandit mi, in porttitor pede justo eu massa. Donec dapibus. Duis at velit eu est congue elementum.', 'Mercury', 136457.31);
insert into Repuesto (id_repuesto, descripcion, marca, precio) values (4, 'Mauris enim leo, rhoncus sed, vestibulum sit amet, cursus id, turpis. Integer aliquet, massa id lobortis convallis, tortor risus dapibus augue, vel accumsan tellus nisi eu orci. Mauris lacinia sapien quis libero.', 'Ford', 289495.49);
insert into Repuesto (id_repuesto, descripcion, marca, precio) values (5, 'Nullam sit amet turpis elementum ligula vehicula consequat. Morbi a ipsum. Integer a nibh.', 'Lexus', 354564.65);
insert into Repuesto (id_repuesto, descripcion, marca, precio) values (6, 'Cum sociis natoque penatibus et magnis dis parturient montes, nascetur ridiculus mus. Vivamus vestibulum sagittis sapien. Cum sociis natoque penatibus et magnis dis parturient montes, nascetur ridiculus mus.', 'Audi', 751820.2);
insert into Repuesto (id_repuesto, descripcion, marca, precio) values (7, 'Praesent blandit. Nam nulla. Integer pede justo, lacinia eget, tincidunt eget, tempus vel, pede.', 'Audi', 827153.65);
insert into Repuesto (id_repuesto, descripcion, marca, precio) values (8, 'Proin leo odio, porttitor id, consequat in, consequat ut, nulla. Sed accumsan felis. Ut at dolor quis odio consequat varius.', 'Oldsmobile', 283306.48);
insert into Repuesto (id_repuesto, descripcion, marca, precio) values (9, 'Quisque porta volutpat erat. Quisque erat eros, viverra eget, congue eget, semper rutrum, nulla. Nunc purus.', 'Suzuki', 507543.02);
insert into Repuesto (id_repuesto, descripcion, marca, precio) values (10, 'Suspendisse potenti. In eleifend quam a odio. In hac habitasse platea dictumst.', 'Buick', 916151.1);

insert into Proveedor (id_proveedor, razon_social, domicilio, ciudad, telefono) values (1, 'Demimbu', '5 Becker Junction', 'Zhizhong', '613-669-8107');
insert into Proveedor (id_proveedor, razon_social, domicilio, ciudad, telefono) values (2, 'Brainbox', '1242 Center Crossing', 'Ferreira do Alentejo', '298-371-1848');
insert into Proveedor (id_proveedor, razon_social, domicilio, ciudad, telefono) values (3, 'Eire', '106 Spaight Terrace', 'Tomado', '998-454-4519');
insert into Proveedor (id_proveedor, razon_social, domicilio, ciudad, telefono) values (4, 'Zoomlounge', '42 Marquette Parkway', 'Cawayan Bugtong', '678-355-2311');
insert into Proveedor (id_proveedor, razon_social, domicilio, ciudad, telefono) values (5, 'Lazzy', '7 Thompson Hill', 'Bilozerka', '752-440-0773');

insert into Pedido (id_pedido, fecha, cantidad, tiempo_de_espera, id_repuesto, id_proveedor) values (1, '29/10/2021', 6, 6, 4, 3);
insert into Pedido (id_pedido, fecha, cantidad, tiempo_de_espera, id_repuesto, id_proveedor) values (2, '22/06/2024', 8, 55, 6, 1);
insert into Pedido (id_pedido, fecha, cantidad, tiempo_de_espera, id_repuesto, id_proveedor) values (3, '17/06/2024', 9, 13, 4, 4);
insert into Pedido (id_pedido, fecha, cantidad, tiempo_de_espera, id_repuesto, id_proveedor) values (4, '02/06/2024', 3, 53, 8, 1);
insert into Pedido (id_pedido, fecha, cantidad, tiempo_de_espera, id_repuesto, id_proveedor) values (5, '25/11/2022', 6, 34, 10, 2);
insert into Pedido (id_pedido, fecha, cantidad, tiempo_de_espera, id_repuesto, id_proveedor) values (6, '23/04/2024', 1, 5, 3, 5);
insert into Pedido (id_pedido, fecha, cantidad, tiempo_de_espera, id_repuesto, id_proveedor) values (7, '30/08/2023', 9, 1, 4, 4);
insert into Pedido (id_pedido, fecha, cantidad, tiempo_de_espera, id_repuesto, id_proveedor) values (8, '11/02/2024', 1, 49, 3, 2);
insert into Pedido (id_pedido, fecha, cantidad, tiempo_de_espera, id_repuesto, id_proveedor) values (9, '25/12/2022', 3, 16, 1, 4);
insert into Pedido (id_pedido, fecha, cantidad, tiempo_de_espera, id_repuesto, id_proveedor) values (10, '15/06/2024', 6, 1, 7, 5);

insert into Ingresa_Para (matricula_vehiculo, id_servicio, dni_cliente, fecha_ingreso, hora_ingreso) values ('ABG635', 1, '94-788-747', '21/07/2023', '10:00:00');
insert into Ingresa_Para (matricula_vehiculo, id_servicio, dni_cliente, fecha_ingreso, hora_ingreso) values ('JBC235', 2, '22-658-777', '14/04/2024', '10:00:00');
insert into Ingresa_Para (matricula_vehiculo, id_servicio, dni_cliente, fecha_ingreso, hora_ingreso) values ('IOC685', 3, '86-482-773', '26/02/2022', '10:00:00');
insert into Ingresa_Para (matricula_vehiculo, id_servicio, dni_cliente, fecha_ingreso, hora_ingreso) values ('ATC785', 4, '49-764-550', '01/06/2024', '10:00:00');
insert into Ingresa_Para (matricula_vehiculo, id_servicio, dni_cliente, fecha_ingreso, hora_ingreso) values ('AOC355', 5, '22-658-777', '19/02/2023', '10:00:00');
insert into Ingresa_Para (matricula_vehiculo, id_servicio, dni_cliente, fecha_ingreso, hora_ingreso) values ('QWC231', 6, '61-032-341', '08/07/2022', '10:00:00');
insert into Ingresa_Para (matricula_vehiculo, id_servicio, dni_cliente, fecha_ingreso, hora_ingreso) values ('AKC235', 7, '61-032-341', '11/08/2021', '10:00:00');
insert into Ingresa_Para (matricula_vehiculo, id_servicio, dni_cliente, fecha_ingreso, hora_ingreso) values ('ALC235', 8, '75-565-033', '24/04/2024', '10:00:00');
insert into Ingresa_Para (matricula_vehiculo, id_servicio, dni_cliente, fecha_ingreso, hora_ingreso) values ('IOC765', 9, '15-080-110', '01/04/2023', '10:00:00');
insert into Ingresa_Para (matricula_vehiculo, id_servicio, dni_cliente, fecha_ingreso, hora_ingreso) values ('AAS365', 10, '61-032-341', '23/06/2022', '10:00:00');
insert into Ingresa_Para (matricula_vehiculo, id_servicio, dni_cliente, fecha_ingreso, hora_ingreso) values ('AAS365', 15, '61-032-341', '23/06/2024', '10:00:00');
insert into Ingresa_Para (matricula_vehiculo, id_servicio, dni_cliente, fecha_ingreso, hora_ingreso) values ('IOC765', 16, '15-080-110', '07/03/2024', '10:00:00');
insert into Ingresa_Para (matricula_vehiculo, id_servicio, dni_cliente, fecha_ingreso, hora_ingreso) values ('ALC235', 17, '75-565-033', '24/04/2024', '10:00:00');
insert into Ingresa_Para (matricula_vehiculo, id_servicio, dni_cliente, fecha_ingreso, hora_ingreso) values ('GPC145', 13, '37-498-771', '01/04/2024', '10:00:00');
insert into Ingresa_Para (matricula_vehiculo, id_servicio, dni_cliente, fecha_ingreso, hora_ingreso) values ('EAY340', 14, '37-498-771', '01/04/2024', '10:00:00');
insert into Ingresa_Para (matricula_vehiculo, id_servicio, dni_cliente, fecha_ingreso, hora_ingreso) values ('ABC231', 18, '37-498-771', '01/04/2024', '10:00:00');

insert into Confecciona (id_reparacion, id_plan_de_accion, dni_mecanico) values (1, 5, '20-104-758');
insert into Confecciona (id_reparacion, id_plan_de_accion, dni_mecanico) values (2, 4, '20-104-758');
insert into Confecciona (id_reparacion, id_plan_de_accion, dni_mecanico) values (3, 10, '06-112-248');
insert into Confecciona (id_reparacion, id_plan_de_accion, dni_mecanico) values (4, 9, '50-325-514');
insert into Confecciona (id_reparacion, id_plan_de_accion, dni_mecanico) values (5, 3, '03-614-130');
insert into Confecciona (id_reparacion, id_plan_de_accion, dni_mecanico) values (7, 11, '03-614-130');
insert into Confecciona (id_reparacion, id_plan_de_accion, dni_mecanico) values (8, 12, '03-614-130');

insert into Compuesta_Por (id_service, id_tarea, orden_tarea) values (1, 2, 1);
insert into Compuesta_Por (id_service, id_tarea, orden_tarea) values (2, 3, 1);
insert into Compuesta_Por (id_service, id_tarea, orden_tarea) values (3, 6, 1);
insert into Compuesta_Por (id_service, id_tarea, orden_tarea) values (4, 9, 1);
insert into Compuesta_Por (id_service, id_tarea, orden_tarea) values (5, 10, 1);
insert into Compuesta_Por (id_service, id_tarea, orden_tarea) values (6, 1, 1);
insert into Compuesta_Por (id_service, id_tarea, orden_tarea) values (7, 1, 1);
insert into Compuesta_Por (id_service, id_tarea, orden_tarea) values (8, 1, 1); 
insert into Compuesta_Por (id_service, id_tarea, orden_tarea) values (9, 8, 1);
insert into Compuesta_Por (id_service, id_tarea, orden_tarea) values (10, 7, 1);

INSERT INTO Encarga (id_plan_de_accion, id_pedido, orden_detalle) VALUES (7, 4, 1);
INSERT INTO Encarga (id_plan_de_accion, id_pedido, orden_detalle) VALUES (8, 3, 1);
INSERT INTO Encarga (id_plan_de_accion, id_pedido, orden_detalle) VALUES (9, 2, 1);
INSERT INTO Encarga (id_plan_de_accion, id_pedido, orden_detalle) VALUES (10, 1, 1);
INSERT INTO Encarga (id_plan_de_accion, id_pedido, orden_detalle) VALUES (1, 5, 1);
INSERT INTO Encarga (id_plan_de_accion, id_pedido, orden_detalle) VALUES (2, 6, 1);
INSERT INTO Encarga (id_plan_de_accion, id_pedido, orden_detalle) VALUES (3, 7, 1);
INSERT INTO Encarga (id_plan_de_accion, id_pedido, orden_detalle) VALUES (4, 8, 1);
INSERT INTO Encarga (id_plan_de_accion, id_pedido, orden_detalle) VALUES (5, 9, 1);
INSERT INTO Encarga (id_plan_de_accion, id_pedido, orden_detalle) VALUES (5, 10, 1);

INSERT INTO Requiere (id_plan_de_accion, id_repuesto, orden_detalle) VALUES (1, 1, 1);
INSERT INTO Requiere (id_plan_de_accion, id_repuesto, orden_detalle) VALUES (3, 1, 1);
INSERT INTO Requiere (id_plan_de_accion, id_repuesto, orden_detalle) VALUES (5, 4, 1);
INSERT INTO Requiere (id_plan_de_accion, id_repuesto, orden_detalle) VALUES (7, 6, 1);
INSERT INTO Requiere (id_plan_de_accion, id_repuesto, orden_detalle) VALUES (9, 8, 1);
INSERT INTO Requiere (id_plan_de_accion, id_repuesto, orden_detalle) VALUES (2, 2, 1);
INSERT INTO Requiere (id_plan_de_accion, id_repuesto, orden_detalle) VALUES (4, 3, 1);
INSERT INTO Requiere (id_plan_de_accion, id_repuesto, orden_detalle) VALUES (6, 5, 1);
INSERT INTO Requiere (id_plan_de_accion, id_repuesto, orden_detalle) VALUES (8, 7, 2);
INSERT INTO Requiere (id_plan_de_accion, id_repuesto, orden_detalle) VALUES (10, 9, 1);

INSERT INTO Puede_Necesitar (id_tarea, id_repuesto) VALUES (1, 7);
INSERT INTO Puede_Necesitar (id_tarea, id_repuesto) VALUES (3, 8);
INSERT INTO Puede_Necesitar (id_tarea, id_repuesto) VALUES (5, 9);
INSERT INTO Puede_Necesitar (id_tarea, id_repuesto) VALUES (7, 10);
INSERT INTO Puede_Necesitar (id_tarea, id_repuesto) VALUES (9, 1);
INSERT INTO Puede_Necesitar (id_tarea, id_repuesto) VALUES (2, 2);
INSERT INTO Puede_Necesitar (id_tarea, id_repuesto) VALUES (4, 3);
INSERT INTO Puede_Necesitar (id_tarea, id_repuesto) VALUES (6, 4);
INSERT INTO Puede_Necesitar (id_tarea, id_repuesto) VALUES (8, 5);
INSERT INTO Puede_Necesitar (id_tarea, id_repuesto) VALUES (10, 6);